unit_id,watershed_feature_id,fwa_watershed_code,gnis_name,area_ha
belgo,12561,300-432687-797326-488172-000000-000000-000000-000000-000000-000000-000000-000000-000000-000000-000000-000000-000000-000000-000000-000000-000000,Belgo Creek,5007.7
belgo,12562,300-432687-797326-488172-119294-000000-000000-000000-000000-000000-000000-000000-000000-000000-000000-000000-000000-000000-000000-000000-000000,Darley Creek,3091.2
belgo,12563,300-432687-797326-488172-000000-000000-000000-000000-000000-000000-000000-000000-000000-000000-000000-000000-000000-000000-000000-000000-000000,Belgo Creek,3505.2
belgo,12564,300-432687-797326-488172-000000-000000-000000-000000-000000-000000-000000-000000-000000-000000-000000-000000-000000-000000-000000-000000-000000,Belgo Creek,6376.0
bx,12588,300-432687-941950-157470-000000-000000-000000-000000-000000-000000-000000-000000-000000-000000-000000-000000-000000-000000-000000-000000-000000,B.X. Creek,13007.3
clark,12595,300-432687-941950-612275-000000-000000-000000-000000-000000-000000-000000-000000-000000-000000-000000-000000-000000-000000-000000-000000-000000,Clark Creek,2793.9
coldstream,12589,300-432687-941950-228656-000000-000000-000000-000000-000000-000000-000000-000000-000000-000000-000000-000000-000000-000000-000000-000000-000000,Coldstream Creek,5299.5
coldstream,12590,300-432687-941950-228656-197821-000000-000000-000000-000000-000000-000000-000000-000000-000000-000000-000000-000000-000000-000000-000000-000000,,3691.5
coldstream,12591,300-432687-941950-228656-447023-000000-000000-000000-000000-000000-000000-000000-000000-000000-000000-000000-000000-000000-000000-000000-000000,Craster Creek,4067.3
coldstream,12592,300-432687-941950-228656-000000-000000-000000-000000-000000-000000-000000-000000-000000-000000-000000-000000-000000-000000-000000-000000-000000,Coldstream Creek,7546.4
ellis,12502,300-432687-623544-000000-000000-000000-000000-000000-000000-000000-000000-000000-000000-000000-000000-000000-000000-000000-000000-000000-000000,Ellis Creek,7894.3
ellis,12503,300-432687-623544-389240-000000-000000-000000-000000-000000-000000-000000-000000-000000-000000-000000-000000-000000-000000-000000-000000-000000,North Ellis Creek,2417.8
ellis,12504,300-432687-623544-451557-000000-000000-000000-000000-000000-000000-000000-000000-000000-000000-000000-000000-000000-000000-000000-000000-000000,South Ellis Creek,3702.6
ellis,12505,300-432687-623544-665126-000000-000000-000000-000000-000000-000000-000000-000000-000000-000000-000000-000000-000000-000000-000000-000000-000000,,2054.2
equesis,12604,300-432687-968397-000000-000000-000000-000000-000000-000000-000000-000000-000000-000000-000000-000000-000000-000000-000000-000000-000000-000000,Equesis Creek,7211.6
equesis,12605,300-432687-968397-475897-000000-000000-000000-000000-000000-000000-000000-000000-000000-000000-000000-000000-000000-000000-000000-000000-000000,Ewer Creek,5256.0
equesis,12606,300-432687-968397-000000-000000-000000-000000-000000-000000-000000-000000-000000-000000-000000-000000-000000-000000-000000-000000-000000-000000,Equesis Creek,7878.1
greata,12540,300-432687-729598-346325-000000-000000-000000-000000-000000-000000-000000-000000-000000-000000-000000-000000-000000-000000-000000-000000-000000,Greata Creek,4452.5
inkaneep,12482,300-432687-457312-000000-000000-000000-000000-000000-000000-000000-000000-000000-000000-000000-000000-000000-000000-000000-000000-000000-000000,Inkaneep Creek,9743.1
inkaneep,12483,300-432687-457312-594470-000000-000000-000000-000000-000000-000000-000000-000000-000000-000000-000000-000000-000000-000000-000000-000000-000000,Baldy Creek,3470.1
inkaneep,12484,300-432687-457312-707845-000000-000000-000000-000000-000000-000000-000000-000000-000000-000000-000000-000000-000000-000000-000000-000000-000000,Gregoire Creek,2491.9
inkaneep,12485,300-432687-457312-794696-000000-000000-000000-000000-000000-000000-000000-000000-000000-000000-000000-000000-000000-000000-000000-000000-000000,Coteay Creek,2213.2
lambly,12578,300-432687-826171-000000-000000-000000-000000-000000-000000-000000-000000-000000-000000-000000-000000-000000-000000-000000-000000-000000-000000,Lambly Creek,8186.4
lambly,12579,300-432687-826171-438146-000000-000000-000000-000000-000000-000000-000000-000000-000000-000000-000000-000000-000000-000000-000000-000000-000000,Bald Range Creek,3875.6
lambly,12580,300-432687-826171-618015-000000-000000-000000-000000-000000-000000-000000-000000-000000-000000-000000-000000-000000-000000-000000-000000-000000,Terrace Creek,8091.8
lambly,12581,300-432687-826171-859346-000000-000000-000000-000000-000000-000000-000000-000000-000000-000000-000000-000000-000000-000000-000000-000000-000000,North Lambly Creek,4242.7
mcdougall,12552,300-432687-774999-000000-000000-000000-000000-000000-000000-000000-000000-000000-000000-000000-000000-000000-000000-000000-000000-000000-000000,McDougall Creek,5346.9
mclean,12501,300-432687-587922-000000-000000-000000-000000-000000-000000-000000-000000-000000-000000-000000-000000-000000-000000-000000-000000-000000-000000,McLean Creek,6321.7
mill,12572,300-432687-809309-000000-000000-000000-000000-000000-000000-000000-000000-000000-000000-000000-000000-000000-000000-000000-000000-000000-000000,Mill Creek,7543.5
mill,12573,300-432687-809309-381141-000000-000000-000000-000000-000000-000000-000000-000000-000000-000000-000000-000000-000000-000000-000000-000000-000000,Scotty Creek,4025.4
mill,12574,300-432687-809309-425552-000000-000000-000000-000000-000000-000000-000000-000000-000000-000000-000000-000000-000000-000000-000000-000000-000000,Whelan Creek,2646.5
mill,12575,300-432687-809309-000000-000000-000000-000000-000000-000000-000000-000000-000000-000000-000000-000000-000000-000000-000000-000000-000000-000000,Mill Creek,8153.4
mission,12555,300-432687-797326-000000-000000-000000-000000-000000-000000-000000-000000-000000-000000-000000-000000-000000-000000-000000-000000-000000-000000,Mission Creek,5835.6
mission,12556,300-432687-797326-052554-000000-000000-000000-000000-000000-000000-000000-000000-000000-000000-000000-000000-000000-000000-000000-000000-000000,Priest Creek,2505.8
mission,12557,300-432687-797326-228602-000000-000000-000000-000000-000000-000000-000000-000000-000000-000000-000000-000000-000000-000000-000000-000000-000000,Klo Creek,4751.3
mission,12558,300-432687-797326-228602-426771-000000-000000-000000-000000-000000-000000-000000-000000-000000-000000-000000-000000-000000-000000-000000-000000,Pooley Creek,2818.9
mission,12559,300-432687-797326-247439-000000-000000-000000-000000-000000-000000-000000-000000-000000-000000-000000-000000-000000-000000-000000-000000-000000,Hydraulic Creek,7937.7
mission,12560,300-432687-797326-339626-000000-000000-000000-000000-000000-000000-000000-000000-000000-000000-000000-000000-000000-000000-000000-000000-000000,Daves Creek,3529.8
mission,12565,300-432687-797326-494470-000000-000000-000000-000000-000000-000000-000000-000000-000000-000000-000000-000000-000000-000000-000000-000000-000000,Joe Rich Creek,4972.8
mission,12566,300-432687-797326-601055-000000-000000-000000-000000-000000-000000-000000-000000-000000-000000-000000-000000-000000-000000-000000-000000-000000,Pearson Creek,7327.4
mission,12567,300-432687-797326-636634-000000-000000-000000-000000-000000-000000-000000-000000-000000-000000-000000-000000-000000-000000-000000-000000-000000,,2149.1
mission,12568,300-432687-797326-874194-000000-000000-000000-000000-000000-000000-000000-000000-000000-000000-000000-000000-000000-000000-000000-000000-000000,Fish Hawk Creek,2491.2
mission,12569,300-432687-797326-000000-000000-000000-000000-000000-000000-000000-000000-000000-000000-000000-000000-000000-000000-000000-000000-000000-000000,Mission Creek,9059.9
mission,12570,300-432687-797326-000000-000000-000000-000000-000000-000000-000000-000000-000000-000000-000000-000000-000000-000000-000000-000000-000000-000000,Mission Creek,8622.0
mission,12571,300-432687-797326-000000-000000-000000-000000-000000-000000-000000-000000-000000-000000-000000-000000-000000-000000-000000-000000-000000-000000,Mission Creek,4528.3
naramata,12534,300-432687-668498-000000-000000-000000-000000-000000-000000-000000-000000-000000-000000-000000-000000-000000-000000-000000-000000-000000-000000,Naramata Creek,4180.5
penticton,12513,300-432687-637835-000000-000000-000000-000000-000000-000000-000000-000000-000000-000000-000000-000000-000000-000000-000000-000000-000000-000000,Penticton Creek,6938.9
penticton,12514,300-432687-637835-547077-000000-000000-000000-000000-000000-000000-000000-000000-000000-000000-000000-000000-000000-000000-000000-000000-000000,Municipal Creek,2775.1
penticton,12515,300-432687-637835-000000-000000-000000-000000-000000-000000-000000-000000-000000-000000-000000-000000-000000-000000-000000-000000-000000-000000,Penticton Creek,8289.8
powers,12548,300-432687-769621-000000-000000-000000-000000-000000-000000-000000-000000-000000-000000-000000-000000-000000-000000-000000-000000-000000-000000,Powers Creek,8872.1
powers,12549,300-432687-769621-568208-000000-000000-000000-000000-000000-000000-000000-000000-000000-000000-000000-000000-000000-000000-000000-000000-000000,North Powers Creek,3406.1
powers,12550,300-432687-769621-647817-000000-000000-000000-000000-000000-000000-000000-000000-000000-000000-000000-000000-000000-000000-000000-000000-000000,,2252.9
shingle_incl_shatford,12506,300-432687-624482-000000-000000-000000-000000-000000-000000-000000-000000-000000-000000-000000-000000-000000-000000-000000-000000-000000-000000,Shingle Creek,9001.3
shingle_incl_shatford,12507,300-432687-624482-311793-000000-000000-000000-000000-000000-000000-000000-000000-000000-000000-000000-000000-000000-000000-000000-000000-000000,Shatford Creek,9202.1
shingle_incl_shatford,12508,300-432687-624482-311793-191169-000000-000000-000000-000000-000000-000000-000000-000000-000000-000000-000000-000000-000000-000000-000000-000000,Farleigh Creek,2446.8
shingle_incl_shatford,12509,300-432687-624482-311793-648579-000000-000000-000000-000000-000000-000000-000000-000000-000000-000000-000000-000000-000000-000000-000000-000000,,2372.3
shingle_incl_shatford,12510,300-432687-624482-481270-000000-000000-000000-000000-000000-000000-000000-000000-000000-000000-000000-000000-000000-000000-000000-000000-000000,,3418.1
shingle_incl_shatford,12511,300-432687-624482-637843-000000-000000-000000-000000-000000-000000-000000-000000-000000-000000-000000-000000-000000-000000-000000-000000-000000,Riddle Creek,3419.0
shorts,12582,300-432687-904947-000000-000000-000000-000000-000000-000000-000000-000000-000000-000000-000000-000000-000000-000000-000000-000000-000000-000000,Shorts Creek,4410.5
shorts,12583,300-432687-904947-210864-000000-000000-000000-000000-000000-000000-000000-000000-000000-000000-000000-000000-000000-000000-000000-000000-000000,Stuart Creek,2425.9
shorts,12584,300-432687-904947-000000-000000-000000-000000-000000-000000-000000-000000-000000-000000-000000-000000-000000-000000-000000-000000-000000-000000,Shorts Creek,4284.2
shorts,12585,300-432687-904947-000000-000000-000000-000000-000000-000000-000000-000000-000000-000000-000000-000000-000000-000000-000000-000000-000000-000000,Shorts Creek,4412.7
shorts,12586,300-432687-904947-000000-000000-000000-000000-000000-000000-000000-000000-000000-000000-000000-000000-000000-000000-000000-000000-000000-000000,Shorts Creek,3023.6
shuttleworth,12499,300-432687-570641-000000-000000-000000-000000-000000-000000-000000-000000-000000-000000-000000-000000-000000-000000-000000-000000-000000-000000,Shuttleworth Creek,8996.0
trepanier,12542,300-432687-745548-000000-000000-000000-000000-000000-000000-000000-000000-000000-000000-000000-000000-000000-000000-000000-000000-000000-000000,Trépanier Creek,9892.9
trepanier,12543,300-432687-745548-196867-000000-000000-000000-000000-000000-000000-000000-000000-000000-000000-000000-000000-000000-000000-000000-000000-000000,Jack Creek,4007.2
trepanier,12544,300-432687-745548-592664-000000-000000-000000-000000-000000-000000-000000-000000-000000-000000-000000-000000-000000-000000-000000-000000-000000,MacDonald Creek,3259.4
trepanier,12545,300-432687-745548-613573-000000-000000-000000-000000-000000-000000-000000-000000-000000-000000-000000-000000-000000-000000-000000-000000-000000,Lacoma Creek,4809.5
trepanier,12546,300-432687-745548-000000-000000-000000-000000-000000-000000-000000-000000-000000-000000-000000-000000-000000-000000-000000-000000-000000-000000,Trépanier Creek,4035.3
trout,12517,300-432687-657912-000000-000000-000000-000000-000000-000000-000000-000000-000000-000000-000000-000000-000000-000000-000000-000000-000000-000000,Trout Creek,7169.4
trout,12518,300-432687-657912-271974-000000-000000-000000-000000-000000-000000-000000-000000-000000-000000-000000-000000-000000-000000-000000-000000-000000,Darke Creek,7766.5
trout,12519,300-432687-657912-360055-000000-000000-000000-000000-000000-000000-000000-000000-000000-000000-000000-000000-000000-000000-000000-000000-000000,Isintok Creek,4644.7
trout,12520,300-432687-657912-378895-000000-000000-000000-000000-000000-000000-000000-000000-000000-000000-000000-000000-000000-000000-000000-000000-000000,Bull Creek,4769.3
trout,12521,300-432687-657912-417304-000000-000000-000000-000000-000000-000000-000000-000000-000000-000000-000000-000000-000000-000000-000000-000000-000000,Bearpaw Creek,2304.9
trout,12522,300-432687-657912-503029-000000-000000-000000-000000-000000-000000-000000-000000-000000-000000-000000-000000-000000-000000-000000-000000-000000,Lost Chain Creek,3993.3
trout,12523,300-432687-657912-579064-000000-000000-000000-000000-000000-000000-000000-000000-000000-000000-000000-000000-000000-000000-000000-000000-000000,Camp Creek,3657.5
trout,12524,300-432687-657912-718995-000000-000000-000000-000000-000000-000000-000000-000000-000000-000000-000000-000000-000000-000000-000000-000000-000000,Empress Creek,2277.9
trout,12525,300-432687-657912-810143-000000-000000-000000-000000-000000-000000-000000-000000-000000-000000-000000-000000-000000-000000-000000-000000-000000,North Trout Creek,5838.6
trout,12526,300-432687-657912-918021-000000-000000-000000-000000-000000-000000-000000-000000-000000-000000-000000-000000-000000-000000-000000-000000-000000,Crescent Creek,2150.0
trout,12527,300-432687-657912-000000-000000-000000-000000-000000-000000-000000-000000-000000-000000-000000-000000-000000-000000-000000-000000-000000-000000,Trout Creek,5154.5
trout,12528,300-432687-657912-000000-000000-000000-000000-000000-000000-000000-000000-000000-000000-000000-000000-000000-000000-000000-000000-000000-000000,Trout Creek,3036.1
trout,12529,300-432687-657912-000000-000000-000000-000000-000000-000000-000000-000000-000000-000000-000000-000000-000000-000000-000000-000000-000000-000000,Trout Creek,4916.0
trout,12530,300-432687-657912-000000-000000-000000-000000-000000-000000-000000-000000-000000-000000-000000-000000-000000-000000-000000-000000-000000-000000,Trout Creek,6624.1
trout,12531,300-432687-657912-000000-000000-000000-000000-000000-000000-000000-000000-000000-000000-000000-000000-000000-000000-000000-000000-000000-000000,Trout Creek,3518.0
trout,12532,300-432687-657912-000000-000000-000000-000000-000000-000000-000000-000000-000000-000000-000000-000000-000000-000000-000000-000000-000000-000000,Trout Creek,3313.7
trout,12533,300-432687-657912-000000-000000-000000-000000-000000-000000-000000-000000-000000-000000-000000-000000-000000-000000-000000-000000-000000-000000,Trout Creek,3510.5
vaseux,12492,300-432687-532922-000000-000000-000000-000000-000000-000000-000000-000000-000000-000000-000000-000000-000000-000000-000000-000000-000000-000000,Vaseux Creek,7146.8
vaseux,12493,300-432687-532922-124401-000000-000000-000000-000000-000000-000000-000000-000000-000000-000000-000000-000000-000000-000000-000000-000000-000000,Dutton Creek,3212.7
vaseux,12494,300-432687-532922-457518-000000-000000-000000-000000-000000-000000-000000-000000-000000-000000-000000-000000-000000-000000-000000-000000-000000,Solco Creek,5068.4
vaseux,12495,300-432687-532922-457518-170722-000000-000000-000000-000000-000000-000000-000000-000000-000000-000000-000000-000000-000000-000000-000000-000000,,2811.8
vaseux,12496,300-432687-532922-525984-000000-000000-000000-000000-000000-000000-000000-000000-000000-000000-000000-000000-000000-000000-000000-000000-000000,Underdown Creek,2609.7
vaseux,12497,300-432687-532922-615284-000000-000000-000000-000000-000000-000000-000000-000000-000000-000000-000000-000000-000000-000000-000000-000000-000000,McIntyre Creek,3332.1
vaseux,12498,300-432687-532922-000000-000000-000000-000000-000000-000000-000000-000000-000000-000000-000000-000000-000000-000000-000000-000000-000000-000000,Vaseux Creek,5249.9
vernon_excl_coldstream,12587,300-432687-941950-000000-000000-000000-000000-000000-000000-000000-000000-000000-000000-000000-000000-000000-000000-000000-000000-000000-000000,Vernon Creek,5102.0
vernon_excl_coldstream,12593,300-432687-941950-412980-000000-000000-000000-000000-000000-000000-000000-000000-000000-000000-000000-000000-000000-000000-000000-000000-000000,Oyama Creek,4402.0
vernon_excl_coldstream,12594,300-432687-941950-521357-000000-000000-000000-000000-000000-000000-000000-000000-000000-000000-000000-000000-000000-000000-000000-000000-000000,Winfield Creek,2605.2
vernon_excl_coldstream,12596,300-432687-941950-000000-000000-000000-000000-000000-000000-000000-000000-000000-000000-000000-000000-000000-000000-000000-000000-000000-000000,Vernon Creek,5655.6
vernon_excl_coldstream,12597,300-432687-941950-000000-000000-000000-000000-000000-000000-000000-000000-000000-000000-000000-000000-000000-000000-000000-000000-000000-000000,Kalamalka Lake,2564.0
vernon_excl_coldstream,12598,300-432687-941950-000000-000000-000000-000000-000000-000000-000000-000000-000000-000000-000000-000000-000000-000000-000000-000000-000000-000000,Vernon Creek,4017.4
vernon_excl_coldstream,12599,300-432687-941950-000000-000000-000000-000000-000000-000000-000000-000000-000000-000000-000000-000000-000000-000000-000000-000000-000000-000000,Vernon Creek,5259.3
vernon_excl_coldstream,12600,300-432687-941950-000000-000000-000000-000000-000000-000000-000000-000000-000000-000000-000000-000000-000000-000000-000000-000000-000000-000000,Vernon Creek,9234.1
whiteman,12601,300-432687-948928-000000-000000-000000-000000-000000-000000-000000-000000-000000-000000-000000-000000-000000-000000-000000-000000-000000-000000,Whiteman Creek,13041.0
whiteman,12602,300-432687-948928-295453-000000-000000-000000-000000-000000-000000-000000-000000-000000-000000-000000-000000-000000-000000-000000-000000-000000,Bouleau Creek,7213.7
